id,type,direction,strat,input,reference,slang_term,meaning,base_output,tuned_output,base_rater1,base_rater2,tuned_rater1,tuned_rater2
e2e_000,translate,to_english,grok_heldout,"Bro, Steph is the GOAT when it comes to clutch threes.","Man, Steph is the best ever at hitting clutch three-pointers.",GOAT,greatest of all time,"""Hey brother, Stephen Curry is considered the greatest of all time (GOAT) for his ability to make game-winning three-pointers.""",Steph Curry has made some of the most incredible shots in NBA history at crunch time and beyond. He's known for his ability to make game-winning three-pointers from anywhere on the court with a high degree of accuracy. His shooting range extends far past half-court; he can shoot effectively from any,,,,
e2s_000,translate,to_slang,grok_heldout,"Man, Steph is the best ever at hitting clutch three-pointers.","Bro, Steph is the GOAT when it comes to clutch threes.",GOAT,greatest of all time,"""Steph's straight fire from downtown.""",Steph Curry is a real one for making those late-game shots.,,,,
e2e_001,translate,to_english,grok_heldout,"I got a soft spot for late-night pizza runs, can't help it.",I really have a thing for grabbing pizza late at night.,Soft Spot,special fondness,I have a weakness for ordering pizzas at night and I just can't resist the urge.,Late night pizzas are my absolute favorite thing ever! Can’t resist them at all. I love how they smell and taste so good even when you’re not hungry anymore but still want another slice because why the hell no?! It’s like magic or something that makes me feel happy every single time i order,,,,
e2s_001,translate,to_slang,grok_heldout,I really have a thing for grabbing pizza late at night.,"I got a soft spot for late-night pizza runs, can't help it.",Soft Spot,special fondness,"""I'm low-key obsessed with ordering in some pie after hours, tbh.""","Late Night Pizza is my absolute core flavor, no cap!",,,,
e2e_002,translate,to_english,grok_heldout,She walked in looking 6Y and the whole room went quiet.,She walked in looking really hot and everyone just stared.,6Y,sexy,"""She entered, appearing six years old, causing an instant silence throughout the entire space.""","The girl just looked stunning, everyone was silent for a second.",,,,
e2s_002,translate,to_slang,grok_heldout,She walked in looking really hot and everyone just stared.,She walked in looking 6Y and the whole room went quiet.,6Y,sexy,"""She came through lookin' straight fire, got the whole room shook.""","Her walk-in was pure fire, no one looked away.",,,,
e2e_003,translate,to_english,grok_heldout,"LeBron is straight-up the GOAT, nobody else comes close.","LeBron is honestly the best player ever, no one else is close.",GOAT,greatest of all time,Lebron James is unequivocally considered the Greatest of All Time (GOAT) in basketball by many fans and experts; no other player has come even remotely near his level of dominance or achievements on the court.,I think LeBron James should be considered better than anyone ever has been at basketball because he's so good and dominant that no one can even compare him in terms of skill or ability on a court with other players who are also very skilled. He won four NBA championships as well which shows how much talent there,,,,
e2s_003,translate,to_slang,grok_heldout,"LeBron is honestly the best player ever, no one else is close.","LeBron is straight-up the GOAT, nobody else comes close.",GOAT,greatest of all time,"""King James for life, bruh.""",LBJE,,,,
e2e_004,translate,to_english,grok_heldout,"She walked in looking so 6Y tonight, everyone was staring.","She walked in looking so hot tonight, everyone was staring.",6Y,sexy,She looked stunning that night and everyone couldn't help but stare at her beauty.,She looked really hot today and the whole room noticed her.,,,,
e2s_004,translate,to_slang,grok_heldout,"She walked in looking so hot tonight, everyone was staring.","She walked in looking so 6Y tonight, everyone was staring.",6Y,sexy,"""She came through lookin' straight fire and the whole room was low-key obsessed.""","Her walk-in look is pure fire today, no one can stop checking her out!",,,,
e2e_005,translate,to_english,grok_heldout,"I got a soft spot for my little cousin, can't say no to her.","I have a real soft place for my little cousin, I never refuse her.",Soft Spot,fond weakness,I have a weakness for my young niece; I always refuse to resist her charms.,I have an extra special feeling towards that cute kid of mine who's always around and makes me happy with his silly antics! I just love him so much because he is such sweetie pie in every way possible - the cutest thing you've ever seen or heard; someone very precious indeed...and,,,,
e2s_005,translate,to_slang,grok_heldout,"I have a real soft place for my little cousin, I never refuse her.","I got a soft spot for my little cousin, can't say no to her.",Soft Spot,fond weakness,"""I got major feels for that lil' sis of mine and she knows not to get on me.""",Soft Spot,,,,
e2e_006,translate,to_english,grok_heldout,"Bro, she's the GOAT of this whole era, nobody touches her.","Man, she's the best of this whole generation, no one comes close.",GOAT,greatest of all time,She is widely considered the greatest (GOAT) in this entire generation and no one can come close to surpassing her achievements.,He thinks that person is better than anyone else right now.,,,,
e2s_006,translate,to_slang,grok_heldout,"Man, she's the best of this whole generation, no one comes close.","Bro, she's the GOAT of this whole era, nobody touches her.",GOAT,greatest of all time,"She's lowkey a total GOAT, and nobody can touch her vibes.",She’s a real icon for her age group and era. No comparison can be made with anyone else in that time period or any other. She is truly unique!,,,,
e2e_007,translate,to_english,grok_heldout,"Damn, you look 6Y in that fit tonight.","Wow, you look really hot in that outfit tonight.",6Y,sexy,I don't understand what you're trying to say. Can you please rephrase or provide more context?,You really clean up when dressed like this!,,,,
e2s_007,translate,to_slang,grok_heldout,"Wow, you look really hot in that outfit tonight.","Damn, you look 6Y in that fit tonight.",6Y,sexy,"Yaaas, ur fire!",WOWU looking so fire with those shoes!,,,,
e2e_008,translate,to_english,grok_heldout,I still got a soft spot for that one old song from high school.,I still really like that one old song from high school.,Soft Spot,special affection,I still have a sentimental attachment to the classic hit I used to love listening to in my teenage years.,Even now I have an emotional connection with the same playlist we made in high school.,,,,
e2s_008,translate,to_slang,grok_heldout,I still really like that one old song from high school.,I still got a soft spot for that one old song from high school.,Soft Spot,special affection,"""I'm low-key obsessed with this fire bop I used to vibe out to in homeroom.""",Still got a soft spot for that one bop in HS.,,,,
e2e_009,translate,to_english,grok_heldout,"I got a soft spot for those late-night food trucks, always hit different.","I really love those late-night food trucks, they always taste amazing.",Soft Spot,special fondness,"""I have a weakness for the late-night street vendors who serve unique and varied foods."" 

or 
"" I've developed an affection for these nighttime mobile eateries that offer something new each time.""

However it seems like 'hit' is used in this context as slang meaning ""to try or visit"".",The little street vendors at night are my absolute favorite spots in the city and I never get tired of them even though they're not fancy or popular yet but people love going there because it's just so good! They have such great energy that you can't help feeling happy when eating from their truck.,,,,
e2s_009,translate,to_slang,grok_heldout,"I really love those late-night food trucks, they always taste amazing.","I got a soft spot for those late-night food trucks, always hit different.",Soft Spot,special fondness,"Yaaas, them grub trucks at night are straight fire!",Those Late Night Food Trucks are so fire! Always hit different every time I go back for them.,,,,
e2e_010,translate,to_english,grok_heldout,"Nah, Serena is the GOAT, nobody else even close.","Serena is the best of all time, no one else comes close.",GOAT,best ever,"""No way, Serena was definitely the greatest of all time; no one comes remotely near her."" 

Or in a more casual tone:

""Na, Serena's clearly the best ever - not even anyone else gets close for me!""",I think Serena Williams is way better than anyone else at tennis right now. Nobody can beat her in a match. She's so good that everyone else just isn't as strong or skilled like she is. Everyone agrees with me on this because no one has ever been able to defeat Serena and win an,,,,
e2s_010,translate,to_slang,grok_heldout,"Serena is the best of all time, no one else comes close.","Nah, Serena is the GOAT, nobody else even close.",GOAT,best ever,"""Lowkey Serena's a GOAT, ain't nobody touchin' her.""",SIRI,,,,
e2e_011,translate,to_english,grok_heldout,"Her new look is straight 6Y, I can't stop staring.","Her new look is really hot, I can't stop staring.",6Y,sexy,She's completely transformed into a stunning woman of the '60s style (straight sixties).,She looks really hot in that outfit right now!,,,,
e2s_011,translate,to_slang,grok_heldout,"Her new look is really hot, I can't stop staring.","Her new look is straight 6Y, I can't stop staring.",6Y,sexy,She's low-key serving looks with that fresh aesthetic and I'm dead – her whole vibe is giving me life!,"Her new fit is fire af, CNTS at me!",,,,
e2e_012,translate,to_english,grok_heldout,I still got a soft spot for those late-night ramen spots we used to hit.,I still really care about those late-night ramen places we used to go to.,Soft Spot,special fondness,I still have a weakness for the late-night instant noodle shops that were our favorite hangouts back then.,"Even now, I have that special feeling when thinking about old ramen places with you and me back then.",,,,
e2s_012,translate,to_slang,grok_heldout,I still really care about those late-night ramen places we used to go to.,I still got a soft spot for those late-night ramen spots we used to hit.,Soft Spot,special fondness,"Bruh, I'm low-key obsessed with that old spot where we'd hit up the noodles at like, 2 am tho.",Still got a soft spot for that old ramen place from college days.,,,,
e2e_013,translate,to_english,grok_heldout,"Nah she the GOAT of freestyle, nobody else even close.","Nah she's the best freestyle artist ever, nobody else is even close.",GOAT,all-time best,"She is widely considered the greatest of all time in freestyle rap, with no one coming remotely close.",She's way better at rap than anyone else out there. Nobody can touch her skills in a battle or just for fun. She has that special gift and is so good it’s unbelievable! Everyone knows this about her but still people try to challenge her because they think their own skill level might be higher,,,,
e2s_013,translate,to_slang,grok_heldout,"Nah she's the best freestyle artist ever, nobody else is even close.","Nah she the GOAT of freestyle, nobody else even close.",GOAT,all-time best,"She's straight fire on them mic skills no cap, ain't nobody touchin' her level.",NSFLY,,,,
e2e_014,translate,to_english,grok_heldout,"That whole look is 6Y, you pulled it off so clean.","That whole look is sexy, you nailed it so perfectly.",6Y,sexy,"""That outfit looks great on you; I think the style and color are a perfect match for your skin tone."" 

or 
""You really rocked that entire ensemble.""

However ""that whole look"" seems more suitable as an expression of admiration rather than translation:

You're complimenting someone's ability to pull off",I love that outfit but I'm not sure if the shoes match well enough with everything else on your body and in front of me right now because they are a different color than what's around them which makes this entire thing feel like something isn't quite working together as one cohesive piece even though at first,,,,
e2s_014,translate,to_slang,grok_heldout,"That whole look is sexy, you nailed it so perfectly.","That whole look is 6Y, you pulled it off so clean.",6Y,sexy,"Yaaas, that fit was fire! You slayed the style game with this outfit.","You slayed that outfit, perfect fit every time!",,,,
e2e_015,translate,to_english,grok_heldout,I still got a soft spot for those late-night diner runs we used to do.,I still really love those late-night diner trips we used to take.,Soft Spot,fondness or affection,I still have a sentimental attachment to the late-night trips to diners that my friends and I would take in our youth.,"Even though it's been years, I'll always remember how much fun that was at the old diner.",,,,
e2s_015,translate,to_slang,grok_heldout,I still really love those late-night diner trips we used to take.,I still got a soft spot for those late-night diner runs we used to do.,Soft Spot,fondness or affection,"""I'm low-key obsessed with them old-school midnight greasy spoon vibes.""","Still got a soft spot for that old joint where the coffee flows like water and the vibes are always right, even if it's been years since our last trip together. Those were special times in my life when nothing else mattered except us being there at midnight with no plans other than enjoying each other’s",,,,
e2e_016,translate,to_english,grok_heldout,"Nah, she's the GOAT on the mic, nobody even comes close.","No, she's the best singer ever, no one else is close.",GOAT,greatest of all time,She is considered the greatest rapper of all time (GOAT) when it comes to her skills with a microphone; no one else can match her level of performance.,She is so good at singing that no one else can compare with her talent and voice quality. She has a unique ability of making people feel happy when they listen or watch something from you. People love listening to your music because it makes them smile up high! You are also very talented in dancing as,,,,
e2s_016,translate,to_slang,grok_heldout,"No, she's the best singer ever, no one else is close.","Nah, she's the GOAT on the mic, nobody even comes close.",GOAT,greatest of all time,"Yaaas, sis slays vocals like a total GOAT!",NGL,,,,
e2e_017,translate,to_english,grok_heldout,That outfit you threw on is 6Y as hell tonight.,That outfit you're wearing looks really sexy tonight.,6Y,sexy,"""That outfit you just put together looks terrible and childish for a night out.""","I love that dress, it looks amazing with those shoes and the whole vibe of your look right now!",,,,
e2s_017,translate,to_slang,grok_heldout,That outfit you're wearing looks really sexy tonight.,That outfit you threw on is 6Y as hell tonight.,6Y,sexy,"""Yaaas, that fit is straight fire and it's giving me major hater vibes.""","You look so hot in that dress, fr!",,,,
e2e_018,translate,to_english,grok_heldout,I've always had a soft spot for late-night diners and bad coffee.,I've always really liked late-night diners and bad coffee.,Soft Spot,special fondness,"""I have an enduring fondness for establishments that are open at night, as well as poor-quality coffee."" 

or 
""Throughout my life I have been drawn towards the kind of restaurants you find in the evening hours along with subpar cups of joe.""

However it seems more fitting if translated into:","My favorite place is the diner that stays open all night, with terrible coffee.",,,,
e2s_018,translate,to_slang,grok_heldout,I've always really liked late-night diners and bad coffee.,I've always had a soft spot for late-night diners and bad coffee.,Soft Spot,special fondness,"""I'm low-key obsessed with those sketchy, all-hours eats and subpar joe.""","Late Night Dinners are my comfort spot, no cap.",,,,
e2e_019,translate,to_english,grok_heldout,"Serena is the GOAT, nobody even comes close.","Serena is the greatest ever, nobody even comes close.",GOAT,greatest of all time,Serena Williams is widely regarded as the Greatest of All Time (GOAT) in tennis; no one else can match her impressive achievements and dominance on the court.,I think Serena Williams is one of a kind and can't be beat in tennis or anything else she does well. Nobody compares to her talent level. She's so good that it makes other athletes look bad by comparison!,,,,
e2s_019,translate,to_slang,grok_heldout,"Serena is the greatest ever, nobody even comes close.","Serena is the GOAT, nobody even comes close.",GOAT,greatest of all time,"""Lowkey Serena's a GOAT no cap.""",SRS,,,,
e2e_020,translate,to_english,grok_heldout,"That jacket makes him look so 6Y, I can't even.","That jacket makes him look so sexy, I'm speechless.",6Y,sexy,"The translation is:

""That jacket makes me think he's six years old; I'm speechless."" 

However a more common interpretation would be 
""The outfit makes the guy appear like an immature child of about 12-13 and it left you stunned"" or ""the clothes make that person seem young",I'm just going to say that the way he looks in that is really sexy and hot.,,,,
e2s_020,translate,to_slang,grok_heldout,"That jacket makes him look so sexy, I'm speechless.","That jacket makes him look so 6Y, I can't even.",6Y,sexy,He's lowkey serving looks in that jacket and I'm dead.,Jacket fit is giving me pure sex af.,,,,
e2e_021,translate,to_english,grok_heldout,"Bro she walked in looking 6Y af, whole room went quiet.","Dude she walked in looking so hot, the whole room went quiet.",6Y,sexy,She looked like a six-year-old for the first time in years; everyone fell silent as soon as she entered the room.,He said the girl looked amazing when he first saw her walk into class and everyone else stopped talking for a second because of how hot they were all thinking about it at that moment.,,,,
e2s_021,translate,to_slang,grok_heldout,"Dude she walked in looking so hot, the whole room went quiet.","Bro she walked in looking 6Y af, whole room went quiet.",6Y,sexy,"""Lowkey I'm dead, bruh - that girl just came through and was straight fire.""",Bro that girl just dropped a real one-liner on us all.,,,,
e2e_022,translate,to_english,grok_heldout,"Messi just cemented it, he's the GOAT no debate.","Messi just sealed it, he's the best ever no debate.",GOAT,greatest of all time,Lionel Messi has solidified his position as the greatest of all time (GOAT) with no argument remaining.,He’s definitely better than everyone else at soccer right now and forever! He is a god among mortals because of his incredible skills on that field!! Messi has proven himself time after time as one of if not THE greatest footballer in history!!! No matter what anyone says about other players like Ronaldo or,,,,
e2s_022,translate,to_slang,grok_heldout,"Messi just sealed it, he's the best ever no debate.","Messi just cemented it, he's the GOAT no debate.",GOAT,greatest of all time,Lioness is low-key saying Messi is a GOAT for real tho.,MSSJSL8NBD,,,,
e2e_023,translate,to_english,grok_heldout,"I got a soft spot for late-night snacks, always ruins my diet.","I have a real weakness for late-night snacks, always ruins my diet.",Soft Spot,affection or weakness,I have a weakness for evening treats that consistently sabotages my eating plan.,Late night snacking is something I have an easy time with and it usually ends in me ruining the meal by eating way too much of whatever was ordered or just grabbing random stuff off shelves because why not? It's also super embarrassing when this happens at work so that adds another layer on top but honestly,,,,
e2s_023,translate,to_slang,grok_heldout,"I have a real weakness for late-night snacks, always ruins my diet.","I got a soft spot for late-night snacks, always ruins my diet.",Soft Spot,affection or weakness,"""I'm low-key obsessed with those midnight munchies and they're literally ruining my health goals.""",Late night snack is pure food baby energy right now.,,,,
e2e_024,translate,to_english,grok_heldout,Bro she walked in looking 6Y and half the room just stopped talking.,Man she walked in looking so hot and half the room just went quiet.,6Y,sexy,"She looked like a teenager, about six years old, and as soon as she entered the room, everyone fell silent.","He looked at her walking into that party like he was seeing a goddess for real, so everyone else's conversation died instantly because they were all staring right through him with their mouths open. No one even noticed what anyone said after that; it wasn't about them anymore. They're still stuck on how",,,,
e2s_024,translate,to_slang,grok_heldout,Man she walked in looking so hot and half the room just went quiet.,Bro she walked in looking 6Y and half the room just stopped talking.,6Y,sexy,"""Lowkey, she came through lookin' straight fire and every dude was ghosted.""","She walked into that meeting with pure energy af, no one even spoke up for a second.",,,,
e2e_025,translate,to_english,grok_heldout,"Nah fr, she's the GOAT of this whole league right now.","No joke, she's the best player in the whole league right now.",GOAT,best ever,She is currently considered the greatest player in this entire league.,"I don't think so but seriously though, that person is really good at what they do and everyone else can learn from them. They are a top performer in their field or sport. Everyone looks up to them as an example because they have such great skills. It’s not just about being popular it",,,,
e2s_025,translate,to_slang,grok_heldout,"No joke, she's the best player in the whole league right now.","Nah fr, she's the GOAT of this whole league right now.",GOAT,best ever,"For real tho, she is straight fire!","NGLS is a term used by gamers who play games such as League of Legends or Overwatch that means ""Not Gonna Lie"" it can be shortened into NGL for short and also has an acronym meaning No Good Like Sex (which isn't really what this abbreviation stands for) but most commonly",,,,
e2e_026,translate,to_english,grok_heldout,I still got a soft spot for him even after everything that went down.,I still care about him even after everything that happened.,Soft Spot,fondness,"I still have feelings of affection for him, despite all the difficulties and problems we faced together.","Even though he messed up, I can't help but like the guy anyway.",,,,
e2s_026,translate,to_slang,grok_heldout,I still care about him even after everything that happened.,I still got a soft spot for him even after everything that went down.,Soft Spot,fondness,"He's lowkey still getting under my skin, tbh.","Still got a soft spot for him, no matter what went down.",,,,
e2e_027,translate,to_english,grok_heldout,I still got a soft spot for those late-night diner runs with my friends.,I still really love going on those late-night diner trips with my friends.,Soft Spot,fondness or affection,I still have a weakness for going out at night with my old friends in diners.,"Even now, I have fond memories of hanging out at that old diner after school.",,,,
e2s_027,translate,to_slang,grok_heldout,I still really love going on those late-night diner trips with my friends.,I still got a soft spot for those late-night diner runs with my friends.,Soft Spot,fondness or affection,"""I'm low-key obsessed with hitting up them allnight diners w/ my squad.""","Still got that deep affection for midnight diner runs with the crew, fr.",,,,
e2e_028,translate,to_english,grok_heldout,Bro Serena is the GOAT of tennis and nobody's even close.,Man Serena is the best tennis player ever and no one else comes close.,GOAT,greatest of all time,"Serena Williams, not Bro Serena, is widely considered by many as the Greatest Of All Time (GOAT) in tennis, with no one else coming remotely close.","Serena Williams, she’s one of a kind in sports right now. Nobody can touch her at this point. She has so many titles it doesn’t make sense for anyone else to be considered top tier because they’re just not there yet. It would take an incredible amount of hard work over years",,,,
e2s_028,translate,to_slang,grok_heldout,Man Serena is the best tennis player ever and no one else comes close.,Bro Serena is the GOAT of tennis and nobody's even close.,GOAT,greatest of all time,"""Serena's a total GOAT, fam - nobody touches her in terms of tennis skills.""","Serena slaps, nobody touches her in that department.",,,,
e2e_029,translate,to_english,grok_heldout,Damn she walked in looking 6Y and the whole room noticed.,Wow she walked in looking really sexy and everyone in the room noticed.,6Y,sexy,"She just walked into the room, but everyone couldn't help noticing how stunningly beautiful she looked at that age (six years old).","She just looked really hot walking into that party, everyone saw it right away.",,,,
e2s_029,translate,to_slang,grok_heldout,Wow she walked in looking really sexy and everyone in the room noticed.,Damn she walked in looking 6Y and the whole room noticed.,6Y,sexy,"""Yaaas, sis slayed into that room lookin' straight fire!""","WOWS, that girl walks into a meeting with pure sex appeal! Everyone notices her energy instantly.",,,,
un_000,unanswerable,unanswerable,unanswerable,asdfghjkl qwerty zxcvbnm,I'm not sure how to translate that — the input isn't clear to me.,,(unanswerable — the model should abstain),"This is the QWERTY keyboard layout in alphabetical order, but without punctuation marks and numbers at the end as you've listed it out like that (as if each key was separated). 

Here's a translation of your input into text:

""ASDFGHJKLQWERTYUIOP",I'm not sure how to translate that — the input isn't clear to me.,,,,
un_001,unanswerable,unanswerable,unanswerable,########## $$$$$ %%%%,I'm not sure how to translate that — the input isn't clear to me.,,(unanswerable — the model should abstain),"There is no clear translation for the given text as it appears to be a jumbled collection of characters and symbols, possibly representing an error or placeholder in a programming language (e.g., Python). If you could provide more context, I'd be happy to help further!",I'm not sure how to translate that — the input isn't clear to me.,,,,
un_002,unanswerable,unanswerable,unanswerable,42 42 42 42 42,I'm not sure how to translate that — the input isn't clear to me.,,(unanswerable — the model should abstain),"Forty-two, forty-two, Forty-Two, Four-ty-Two, Forty-twee (or) For ty two",I'm not sure how to translate that — the input isn't clear to me.,,,,
un_003,unanswerable,unanswerable,unanswerable,zxqvwk bnmpld,I'm not sure how to translate that — the input isn't clear to me.,,(unanswerable — the model should abstain),"I cannot translate that text as it appears to be in a coding language, specifically obfuscated code from the programming language Visual Basic (VB). Is there anything else I can help you with?",I'm not sure how to translate that — the input isn't clear to me.,,,,
un_004,unanswerable,unanswerable,unanswerable,lorem ipsum dolor sit amet,I'm not sure how to translate that — the input isn't clear to me.,,(unanswerable — the model should abstain),"There is no translation, as the phrase ""lorem ipsom dolor sit amet"" appears to be a Latin sentence that doesn't have an actual meaning in this context but rather serves as filler text or placeholder for publications and design purposes (e.g., Lorem Ipsum). 

However if you want me",I'm not sure how to translate that — the input isn't clear to me.,,,,
un_005,unanswerable,unanswerable,unanswerable,aaaaaaaaaaaaaaaa,I'm not sure how to translate that — the input isn't clear to me.,,(unanswerable — the model should abstain),There is no translation for the given text as it appears to be a sequence of 'a's with no meaning or context in the English language.,I'm not sure how to translate that — the input isn't clear to me.,,,,
un_006,unanswerable,unanswerable,unanswerable,?!?!?! ...... ?!?!,I'm not sure how to translate that — the input isn't clear to me.,,(unanswerable — the model should abstain),"I don't understand what you're trying to say, can you please rephrase or provide more context?",I'm not sure how to translate that — the input isn't clear to me.,,,,
un_007,unanswerable,unanswerable,unanswerable,qwertyuiop asdfghjkl,I'm not sure how to translate that — the input isn't clear to me.,,(unanswerable — the model should abstain),"The sequence appears to be the first row of a standard QWERTY keyboard layout, often used in typing and computer input methods.

However, if you'd like me to translate it into something else (like Morse code or another language), I'll need more context from you about what that translation should",I'm not sure how to translate that — the input isn't clear to me.,,,,
un_008,unanswerable,unanswerable,unanswerable,blorptangle frimbulate,I'm not sure how to translate that — the input isn't clear to me.,,(unanswerable — the model should abstain),Fanciful flowers bloom freely.,I'm not sure how to translate that — the input isn't clear to me.,,,,
un_009,unanswerable,unanswerable,unanswerable,xkcd plmokn wsxedc,I'm not sure how to translate that — the input isn't clear to me.,,(unanswerable — the model should abstain),"The translation is:

""XKCD problem is not solved."" 

However, I noticed that the original text seems like it could be a scrambled version of ""What X KDC Problem Is Not Solved"". If you'd like me to try and unscramble or retranslate based on this",I'm not sure how to translate that — the input isn't clear to me.,,,,
